{"cameraMode":{"drawMode":0,"name":"Shaded","section":"Shading Mode"},"sceneLighting":false,"audioPlay":false,"sceneViewState":{"showFog":true,"showMaterialUpdate":false,"showSkybox":false,"showFlares":true,"showImageEffects":true,"showParticleSystems":true,"showVisualEffectGraphs":true,"m_FxEnabled":true},"in2DMode":false,"pivot":{"x":-0.23159408569335938,"y":3.195018768310547,"z":-0.08332586288452149},"rotation":{"x":-0.07512032985687256,"y":0.9063344597816467,"z":-0.18212851881980897,"w":-0.37382420897483828},"size":3.782991886138916,"orthographic":false}