{"cameraMode":{"drawMode":0,"name":"Shaded","section":"Shading Mode"},"sceneLighting":false,"audioPlay":false,"sceneViewState":{"showFog":true,"showMaterialUpdate":false,"showSkybox":false,"showFlares":true,"showImageEffects":true,"showParticleSystems":true,"showVisualEffectGraphs":true,"m_FxEnabled":true},"in2DMode":false,"pivot":{"x":-0.39903485774993899,"y":0.741313099861145,"z":0.5496854782104492},"rotation":{"x":-0.057028140872716907,"y":0.9405311346054077,"z":-0.19929681718349458,"w":-0.26912951469421389},"size":1.4784507751464844,"orthographic":false}