{"cameraMode":{"drawMode":0,"name":"Shaded","section":"Shading Mode"},"sceneLighting":false,"audioPlay":false,"sceneViewState":{"showFog":true,"showMaterialUpdate":false,"showSkybox":false,"showFlares":true,"showImageEffects":true,"showParticleSystems":true,"showVisualEffectGraphs":true,"m_FxEnabled":true},"in2DMode":false,"pivot":{"x":-0.026066243648529054,"y":1.4703702926635743,"z":-0.038093507289886478},"rotation":{"x":-0.07512032985687256,"y":0.9063344597816467,"z":-0.18212851881980897,"w":-0.37382420897483828},"size":2.010169744491577,"orthographic":false}