{"cameraMode":{"drawMode":0,"name":"Shaded","section":"Shading Mode"},"sceneLighting":false,"audioPlay":false,"sceneViewState":{"showFog":true,"showMaterialUpdate":false,"showSkybox":false,"showFlares":true,"showImageEffects":true,"showParticleSystems":true,"showVisualEffectGraphs":true,"m_FxEnabled":true},"in2DMode":false,"pivot":{"x":0.2115941047668457,"y":1.8584983348846436,"z":0.3040958642959595},"rotation":{"x":-0.07512032985687256,"y":0.9063344597816467,"z":-0.18212851881980897,"w":-0.37382420897483828},"size":1.6539645195007325,"orthographic":false}